{"ElasticNet": {"MSE": {"mean": 11.552077461765563, "median": 11.435282618630769, "confidence_interval": [8.183532916434283, 15.330822472833372]}, "RMSE": {"mean": 3.3865854443053247, "median": 3.3816032810593177, "confidence_interval": [2.860669938162145, 3.915435632161595]}, "MAE": {"mean": 2.0287934841894106, "median": 2.0198066569177398, "confidence_interval": [1.8293783754816835, 2.231981959361321]}, "R\u00b2": {"mean": 0.3276047487958096, "median": 0.3285787361451593, "confidence_interval": [0.194429617747635, 0.48331124903344963]}}, "SVR": {"MSE": {"mean": 9.198141918101626, "median": 8.95527279254225, "confidence_interval": [4.163829923233295, 15.189056742565215]}, "RMSE": {"mean": 3.000012164884835, "median": 2.992532825877408, "confidence_interval": [2.0405377543355527, 3.897307836450328]}, "MAE": {"mean": 1.1915337086234532, "median": 1.189134103671024, "confidence_interval": [0.9685620215260716, 1.4115828995330024]}, "R\u00b2": {"mean": 0.45130302920989024, "median": 0.4432251932027124, "confidence_interval": [0.3498911918332057, 0.6254614754526266]}}, "BayesianRidge": {"MSE": {"mean": 11.686382764136983, "median": 11.569214622300727, "confidence_interval": [7.53115264506043, 15.658588923388345]}, "RMSE": {"mean": 3.404516707181068, "median": 3.401353805823068, "confidence_interval": [2.7440364632531695, 3.9570818254471325]}, "MAE": {"mean": 2.0284491320120415, "median": 2.0164824781306625, "confidence_interval": [1.8136230720240882, 2.2471075374831857]}, "R\u00b2": {"mean": 0.32752571759596916, "median": 0.3185675202827942, "confidence_interval": [0.20171912102207126, 0.4931182234784961]}}}